OverallIdxn,OverallIdxi
1,1
2,2
3,3
4,4
5,5
6,6
7,7
8,8
9,9
10,10
11,11
12,12
13,13
14,14
15,15
16,16
17,17
18,18
20,19
22,21
24,23
26,25
28,27
30,29
32,31
34,33
36,35
38,37
40,39
42,41
44,43
46,45
47,47
49,48
51,50
53,52
55,54
57,56
59,58
61,60
63,62
65,64
67,66
69,68
71,70
73,72
75,74
77,76
79,78
81,80
83,82
85,84
87,86
89,88
91,90
93,92
95,94
97,96
99,98
101,100
103,102
105,104
107,106
109,108
111,110
113,112
115,114
117,116
119,118
121,120
123,122
125,124
127,126
129,128
131,130
133,132
135,134
137,136
139,138
141,140
143,142
145,144
147,146
149,148
151,150
153,152
155,154
157,156
159,158
161,160
163,162
165,164
167,166
169,168
171,170
173,172
175,174
177,176
179,178
181,180
183,182
185,184
187,186
189,188
191,190
193,192
195,194
197,196
199,198
201,200
203,202
205,204
207,206
209,208
211,210
213,212
215,214
217,216
219,218
221,220
223,222
225,224
227,226
229,228
231,230
233,232
235,234
237,236
239,238
241,240
243,242
245,244
247,246
249,248
251,250
253,252
255,254
257,256
259,258
261,260
263,262
265,264
267,266
269,268
271,270
273,272
275,274
277,276
279,278
281,280
283,282
285,284
287,286
289,288
291,290
293,292
295,294
297,296
299,298
301,300
303,302
305,304
307,306
309,308
311,310
313,312
315,314
317,316
319,318
321,320
323,322
325,324
327,326
329,328
331,330
333,332
335,334
337,336
339,338
341,340
343,342
345,344
347,346
349,348
351,350
353,352
355,354
357,356
359,358
361,360
363,362
365,364
367,366
369,368
371,370
373,372
375,374
377,376
379,378
381,380
383,382
385,384
387,386
389,388
